Date,Open,High,Low,Close,Volume,Dividend,Split,Adj_Open,Adj_High,Adj_Low,Adj_Close,Adj_Volume
2017-12-28,46.36,46.36,45.95,46.22,9504372.0,0.0,1.0,44.669526990656514,44.669526990656514,44.27447724807306,44.534631956603626,9504372.0
2017-12-27,46.11,46.36,46.0,46.11,13359671.0,0.0,1.0,44.428643001276356,44.669526990656514,44.322654045949086,44.428643001276356,13359671.0
2017-12-26,46.28,46.47,45.95,46.08,15533328.0,0.0,1.0,44.592444114054864,44.775515945983784,44.27447724807306,44.39973692255074,15533328.0
2017-12-22,46.33,47.02,46.02,46.7,33913537.0,0.0,1.0,44.640620911930895,45.30546072262014,44.341924765099506,44.99712921621354,33913537.0
2017-12-21,47.54,47.59,46.56,46.76,42963451.0,0.0,1.0,45.80649942053086,45.8546762184069,44.86223418216065,45.05494137366477,42963451.0
2017-12-20,47.47,47.64,46.66,47.56,40934978.0,0.0,1.0,45.73905190350442,45.902853016282926,44.958587777912705,45.825770139681275,40934978.0
2017-12-19,46.3,47.26,45.89,47.04,41421116.0,0.0,1.0,44.611714833205276,45.536709352425085,44.21666509062182,45.324731441770545,41421116.0
2017-12-18,45.15,46.35,45.04,46.26,50369327.0,0.0,1.0,43.50364848205655,44.659891631081315,43.39765952672928,44.57317339490445,50369327.0
2017-12-15,43.4,44.84,43.07,44.56,47476952.0,0.0,1.0,41.817460556395446,43.20495233522516,41.49949369041364,42.93516226711938,47476952.0
2017-12-14,43.43,43.57,43.015,43.26,19644917.0,0.0,1.0,41.846366635121065,41.98126166917395,41.446499212750005,41.68256552234256,19644917.0
2017-12-13,43.65,43.66,43.24,43.34,21399460.0,0.0,1.0,42.058344545775604,42.0679799053508,41.663294803192144,41.75964839894421,21399460.0
2017-12-12,43.47,43.62,43.08,43.33,16557398.0,0.0,1.0,41.88490807342189,42.02943846704998,41.50912904998884,41.750013039369,16557398.0
2017-12-11,43.28,43.78,43.25,43.66,20425900.0,0.0,1.0,41.70183624149297,42.18360422025329,41.67293016276735,42.0679799053508,20425900.0
2017-12-08,43.35,43.58,43.11,43.35,23154749.0,0.0,1.0,41.769283758519414,41.99089702874916,41.53803512871446,41.769283758519414,23154749.0
2017-12-07,43.46,43.6,42.78,43.08,32708441.0,0.0,1.0,41.875272713846684,42.01016774789957,41.22006826273265,41.50912904998884,32708441.0
2017-12-06,43.14,43.72,42.67,43.45,27710812.0,0.0,1.0,41.56694120744008,42.12579206280205,41.11407930740538,41.86563735427148,27710812.0
2017-12-05,44.6,44.9,43.23,43.44,30626850.0,0.0,1.0,42.973703705420206,43.26276449267639,41.65365944361693,41.85600199469627,30626850.0
2017-12-04,45.02,45.3,44.33,44.49,28000791.0,0.0,1.0,43.37838880757887,43.64817887568464,42.71354899688963,42.86771475009294,28000791.0
2017-12-01,44.73,44.84,43.53,44.68,26656272.0,0.0,1.0,43.09896337989788,43.20495233522516,41.94272023087313,43.05078658202186,26656272.0
2017-11-30,44.36,45.2,44.33,44.84,34145303.0,0.0,1.0,42.742455075615254,43.55182527993259,42.71354899688963,43.20495233522516,34145303.0
2017-11-29,44.85,45.09,43.77,43.95,27036870.0,0.0,1.0,43.214587694800365,43.44583632460532,42.17396886067808,42.347405333031794,27036870.0
2017-11-28,44.65,44.84,44.32,44.73,20194062.0,0.0,1.0,43.02188050329623,43.20495233522516,42.70391363731443,43.09896337989788,20194062.0
2017-11-27,44.42,44.61,44.2736,44.49,18202115.0,0.0,1.0,42.80026723306649,42.98333906499541,42.65920556888547,42.86771475009294,18202115.0
2017-11-24,44.55,44.775,44.43,44.75,6465815.0,0.0,1.0,42.92552690754417,43.142322497986314,42.8099025926417,43.1182340990483,6465815.0
2017-11-22,44.94,44.95,44.535,44.65,19538331.0,0.0,1.0,43.301305930977215,43.31094129055243,42.91107386818136,43.02188050329623,19538331.0
2017-11-21,44.72,45.22,44.71,44.94,21871027.0,0.0,1.0,43.089328020322675,43.57109599908299,43.079692660747476,43.301305930977215,21871027.0
2017-11-20,44.73,45.115,44.5,44.62,22420003.0,0.0,1.0,43.09896337989788,43.46992472354333,42.87735010966814,42.99297442457061,22420003.0
2017-11-17,45.5,45.62,44.62,44.63,63798040.0,0.0,1.0,43.84088606718877,43.956510382091246,42.99297442457061,43.002609784145825,63798040.0
2017-11-16,45.63,46.07,45.46,45.65,26439406.0,0.0,1.0,43.96614574166646,44.39010156297553,43.80234462888795,43.985416460816865,26439406.0
2017-11-15,45.39,45.805,45.1725,45.46,17157204.0,0.0,1.0,43.73489711186151,44.134764534232566,43.525328041100764,43.80234462888795,17157204.0
2017-11-14,45.7,45.92,45.32,45.86,22201170.0,0.0,1.0,44.0335932586929,44.24557116934744,43.66744959483506,44.1877590118962,22201170.0
2017-11-13,45.26,45.94,45.25,45.75,18999002.0,0.0,1.0,43.60963743738382,44.26484188849785,43.60000207780862,44.08177005656893,18999002.0
2017-11-10,46.04,46.09,45.38,45.58,24095354.0,0.0,1.0,44.36119548424991,44.40937228212595,43.7252617522863,43.91796894379042,24095354.0
2017-11-09,46.05,46.39,45.65,46.3,25535872.0,0.0,1.0,44.37083084382512,44.69843306938213,43.985416460816865,44.611714833205276,25535872.0
2017-11-08,46.62,46.7,46.28,46.7,20869455.0,0.0,1.0,44.92004633961188,44.99712921621354,44.592444114054864,44.99712921621354,20869455.0
2017-11-07,46.7,47.09,46.39,46.78,24461371.0,0.0,1.0,44.99712921621354,45.372908239646584,44.69843306938213,45.07421209281518,24461371.0
2017-11-06,46.6,46.74,46.09,46.7,34034971.0,0.2725,1.0,44.90077562046147,45.03567065451436,44.40937228212595,44.99712921621354,34034971.0
2017-11-03,47.2,47.3,45.6,46.34,39298110.0,0.0,1.0,45.21506198318758,45.31085660603331,43.6823480176558,44.39122822671425,39298110.0
2017-11-02,46.61,47.23,46.213,47.1,44602250.0,0.0,1.0,44.649873708397735,45.2438003700413,44.26956905570016,45.119267360341844,44602250.0
2017-11-01,45.97,46.71,45.59,46.71,47813724.0,0.0,1.0,44.03678812218502,44.74566833124347,43.67276855537123,44.74566833124347,47813724.0
2017-10-31,45.2,45.8,44.65,45.49,47000920.0,0.0,1.0,43.299169526272856,43.873937263347266,42.772299100621304,43.57697393252549,47000920.0
2017-10-30,44.48,45.19,43.88,44.37,48161518.0,0.0,1.0,42.60944824178355,43.28959006398828,42.03468050470914,42.50407415665324,48161518.0
2017-10-27,43.3,45.0,43.1,44.4,90028300.0,0.0,1.0,41.47907169220386,43.10758028058138,41.28748244651239,42.53281254350696,90028300.0
2017-10-26,40.91,41.575,40.71,41.35,38247395.0,0.0,1.0,39.189580206190755,39.82661444811491,38.99799096049929,39.611076546712,38247395.0
2017-10-25,40.89,41.055,40.49,40.78,24031660.0,0.0,1.0,39.170421281621614,39.328482409317076,38.78724279023867,39.06504719649131,24031660.0
2017-10-24,41.0,41.05,40.72,40.95,19652417.0,0.0,1.0,39.27579536675192,39.32369267817479,39.00757042278386,39.22789805532906,19652417.0
2017-10-23,40.55,41.04,40.395,40.83,28646966.0,0.0,1.0,38.84471956394611,39.31411321589022,38.69623789853522,39.11294450791417,28646966.0
2017-10-20,40.33,40.45,40.1,40.43,18335672.0,0.0,1.0,38.633971393685485,38.74892494110038,38.4136437611403,38.72976601653123,18335672.0
2017-10-19,39.88,40.33,39.83,40.09,19222705.0,0.0,1.0,38.20289559087968,38.633971393685485,38.154998279456805,38.40406429885572,19222705.0
2017-10-18,39.8,40.29,39.6,40.25,21424554.0,0.0,1.0,38.12625989260309,38.5956535445472,37.93467064691161,38.5573356954089,21424554.0
2017-10-17,39.56,39.865,39.37,39.79,15532818.0,0.0,1.0,37.896352797773325,38.18852639745282,37.71434301436642,38.11668043031851,15532818.0
2017-10-16,39.71,39.79,39.44,39.76,12489135.0,0.0,1.0,38.04004473204193,38.11668043031851,37.78139925035843,38.08794204346479,12489135.0
2017-10-13,39.44,39.81,39.28,39.67,16829366.0,0.0,1.0,37.78139925035843,38.135839354887665,37.62812785380526,38.00172688290363,16829366.0
2017-10-12,39.35,39.39,38.98,39.19,18286944.0,0.0,1.0,37.69518408979727,37.73350193893557,37.34074398526805,37.54191269324409,18286944.0
2017-10-11,39.48,39.67,39.06,39.3,30754708.0,0.0,1.0,37.81971709949673,38.00172688290363,37.41737968354464,37.6472867783744,30754708.0
2017-10-10,39.93,39.95,39.38,39.65,29890017.0,0.0,1.0,38.25079290230254,38.2699518268717,37.723922476651,37.98256795833448,29890017.0
2017-10-09,39.68,39.88,39.52,39.86,18494080.0,0.0,1.0,38.0113063451882,38.20289559087968,37.85803494863503,38.18373666631053,18494080.0
2017-10-06,39.6,39.89,39.42,39.63,18887536.0,0.0,1.0,37.93467064691161,38.21247505316425,37.76224032578929,37.96340903376534,18887536.0
2017-10-05,39.5,39.65,39.21,39.53,17710277.0,0.0,1.0,37.838876024065875,37.98256795833448,37.56107161781324,37.8676144109196,17710277.0
2017-10-04,39.39,39.4,38.8606,39.34,28368824.0,0.0,1.0,37.73350193893557,37.74308140122014,37.226365205590234,37.6856046275127,28368824.0
2017-10-03,38.95,39.7,38.95,39.38,34002193.0,0.0,1.0,37.31200559841433,38.03046526975735,37.31200559841433,37.723922476651,34002193.0
2017-10-02,38.12,39.09,38.08,39.04,37394514.0,0.0,1.0,36.516910228794714,37.44611807039836,36.47859237965642,37.39822075897549,37394514.0
2017-09-29,37.84,38.15,37.7,38.08,23217336.0,0.0,1.0,36.24868528482666,36.54564861564843,36.114572812842624,36.47859237965642,23217336.0
2017-09-28,37.32,37.88,37.29,37.83,21171441.0,0.0,1.0,35.75055324602882,36.28700313396495,35.721814859175105,36.23910582254208,21171441.0
2017-09-27,37.62,37.69,37.1,37.54,25981384.0,0.0,1.0,36.037937114566034,36.10499335055805,35.53980507576821,35.961301416289444,25981384.0
2017-09-26,37.21,37.64,37.0,37.47,29790369.0,0.0,1.0,35.645179160898515,36.05709603913518,35.44401045292247,35.894245180297425,29790369.0
2017-09-25,37.05,37.23,36.85,37.16,23180838.0,0.0,1.0,35.491907764345335,35.664338085467655,35.30031851865387,35.59728184947564,23180838.0
2017-09-22,36.95,37.22,36.95,37.18,21631754.0,0.0,1.0,35.396113141499605,35.654758623183085,35.396113141499605,35.61644077404479,21631754.0
2017-09-21,36.99,37.27,36.85,37.2,22954158.0,0.0,1.0,35.43443099063789,35.70265593460596,35.30031851865387,35.635599698613944,22954158.0
2017-09-20,37.23,37.29,36.655,37.07,23957476.0,0.0,1.0,35.664338085467655,35.721814859175105,35.11351900410468,35.51106668891448,23957476.0
2017-09-19,37.2,37.295,37.02,37.23,23850525.0,0.0,1.0,35.635599698613944,35.72660459031739,35.46316937749162,35.664338085467655,23850525.0
2017-09-18,37.0,37.33,36.8,37.0,19393834.0,0.0,1.0,35.44401045292247,35.7601327083134,35.252421207230995,35.44401045292247,19393834.0
2017-09-15,36.55,37.08,36.22,37.0,33596072.0,0.0,1.0,35.01293465011665,35.52064615119905,34.696812394725725,35.44401045292247,33596072.0
2017-09-14,36.19,36.695,36.16,36.48,18093946.0,0.0,1.0,34.668074007872,35.15183685324297,34.639335621018276,34.945878414124635,18093946.0
2017-09-13,36.0,36.4,35.97,36.33,15509787.0,0.0,1.0,34.4860642244651,34.869242715848046,34.45732583761138,34.80218647985603,15509787.0
2017-09-12,35.88,36.34,35.74,36.09,19489892.0,0.0,1.0,34.371110677050225,34.81176594214061,34.23699820506619,34.57227938502627,19489892.0
2017-09-11,35.49,36.0,35.14,35.77,20037575.0,0.0,1.0,33.99751164795185,34.4860642244651,33.66223046799177,34.26573659191991,20037575.0
2017-09-08,35.42,35.54,35.08,35.19,14125018.0,0.0,1.0,33.930455411959834,34.04540895937472,33.60475369428433,33.710127779414634,14125018.0
2017-09-07,35.88,35.95,35.33,35.54,16297077.0,0.0,1.0,34.371110677050225,34.43816691304224,33.844240251398666,34.04540895937472,16297077.0
2017-09-06,35.22,35.94,35.11,35.76,28076438.0,0.0,1.0,33.73886616626836,34.42858745075766,33.63349208113805,34.25615712963533,28076438.0
2017-09-05,35.02,35.33,34.93,35.02,19300594.0,0.0,1.0,33.54727692057689,33.844240251398666,33.461061760015724,33.54727692057689,19300594.0
2017-09-01,35.24,35.39,35.07,35.09,12821972.0,0.0,1.0,33.758025090837506,33.90171702510611,33.595174231999756,33.614333156568904,12821972.0
2017-08-31,34.94,35.18,34.87,35.07,16366772.0,0.0,1.0,33.470641222300294,33.700548317130064,33.40358498630828,33.595174231999756,16366772.0
2017-08-30,34.75,34.96,34.63,34.89,18565007.0,0.0,1.0,33.2886314388934,33.48980014686945,33.17367789147852,33.42274391087743,18565007.0
2017-08-29,34.51,34.75,34.455,34.73,15843668.0,0.0,1.0,33.05872434406363,33.2886314388934,33.00603730149847,33.26947251432425,15843668.0
2017-08-28,34.78,34.8,34.59,34.65,20712876.0,0.0,1.0,33.31736982574712,33.33652875031626,33.135360042340224,33.19283681604766,20712876.0
2017-08-25,34.82,34.93,34.58,34.67,14726829.0,0.0,1.0,33.35568767488542,33.461061760015724,33.12578058005565,33.211995740616814,14726829.0
2017-08-24,34.7,34.89,34.55,34.71,14301892.0,0.0,1.0,33.24073412747053,33.42274391087743,33.09704219320192,33.2503135897551,14301892.0
2017-08-23,34.54,34.81,34.38,34.66,19648134.0,0.0,1.0,33.08746273091735,33.34610821260084,32.93419133436418,33.20241627833223,19648134.0
2017-08-22,35.02,35.19,34.62,34.65,26097791.0,0.0,1.0,33.54727692057689,33.710127779414634,33.16409842919394,33.19283681604766,26097791.0
2017-08-21,35.09,35.28,34.7,34.92,26493271.0,0.0,1.0,33.614333156568904,33.7963429399758,33.24073412747053,33.451482297731154,26493271.0
2017-08-18,35.29,35.31,34.99,35.01,16231408.0,0.0,1.0,33.80592240226037,33.825081326829526,33.51853853372317,33.537697458292314,16231408.0
2017-08-17,35.6,35.68,35.17,35.17,19524961.0,0.0,1.0,34.10288573308216,34.179521431358744,33.690968854845494,33.690968854845494,19524961.0
2017-08-16,35.98,36.07,35.56,35.81,22013991.0,0.0,1.0,34.466905299895956,34.55312046045712,34.064567883943866,34.304054441058206,22013991.0
2017-08-15,36.3,36.32,35.815,36.0,21706563.0,0.0,1.0,34.77344809300231,34.79260701757146,34.30884417220049,34.4860642244651,21706563.0
2017-08-14,36.12,36.47,36.08,36.34,18469448.0,0.0,1.0,34.60101777187999,34.936298951840065,34.56269992274169,34.81176594214061,18469448.0
2017-08-11,36.26,36.4,35.79,35.87,19275060.0,0.0,1.0,34.73513024386401,34.869242715848046,34.28489551648906,34.36153121476564,19275060.0
2017-08-10,36.4,36.56,36.11,36.14,22693316.0,0.0,1.0,34.869242715848046,35.02251411240123,34.59143830959541,34.620176696449136,22693316.0
2017-08-09,36.28,36.66,36.02,36.59,22796797.0,0.0,1.0,34.75428916843317,35.11830873524696,34.50522314903425,35.05125249925495,22796797.0
2017-08-08,36.37,36.7,36.3,36.41,22819871.0,0.0,1.0,34.84050432899433,35.15662658438526,34.77344809300231,34.87882217813262,22819871.0
2017-08-07,36.39,36.55,36.22,36.43,18169335.0,0.0,1.0,34.859663253563475,35.01293465011665,34.696812394725725,34.89798110270177,18169335.0
2017-08-04,36.45,36.56,36.1,36.3,20520301.0,0.0,1.0,34.91714002727092,35.02251411240123,34.58185884731084,34.77344809300231,20520301.0
2017-08-03,36.55,36.59,36.15,36.49,26611347.0,0.2725,1.0,35.01293465011665,35.05125249925495,34.629756158733706,34.95545787640921,26611347.0
2017-08-02,36.33,36.67,36.055,36.64,35004283.0,0.0,1.0,34.54421719551028,34.86750466719962,34.28273468164391,34.83897930205056,35004283.0
2017-08-01,35.66,36.43,35.57,36.35,38710244.0,0.0,1.0,33.907150707181295,34.63930174600714,33.82157461173412,34.56323410560966,38710244.0
2017-07-31,35.47,35.74,35.32,35.47,27056989.0,0.0,1.0,33.72649006123726,33.98321834757879,33.58386323549197,33.72649006123726,27056989.0
2017-07-28,35.13,35.86,35.0,35.31,36291484.0,0.0,1.0,33.40320258954793,34.09731980817502,33.27959267390201,33.574354780442285,36291484.0
2017-07-27,34.78,35.25,34.67,34.97,43062842.0,0.0,1.0,33.07040666280891,33.51730405014416,32.96581365726236,33.251067308752944,43062842.0
2017-07-26,34.7,34.97,34.59,34.75,15499322.0,0.0,1.0,32.99433902241142,33.251067308752944,32.88974601686487,33.04188129765985,15499322.0
2017-07-25,34.55,34.735,34.4,34.67,18096682.0,0.0,1.0,32.85171219666612,33.027618615085316,32.709085370920825,32.96581365726236,18096682.0
2017-07-24,34.73,34.8,34.38,34.5,16146284.0,0.0,1.0,33.022864387560475,33.08942357290828,32.69006846082146,32.80416992141769,16146284.0
2017-07-21,34.54,34.82,34.395,34.73,22245041.0,0.0,1.0,32.84220374161644,33.108440483007655,32.70433114339599,33.022864387560475,22245041.0
2017-07-20,34.54,34.84,34.475,34.75,17506216.0,0.0,1.0,32.84220374161644,33.12745739310703,32.78039878379348,33.04188129765985,17506216.0
2017-07-19,34.68,34.68,34.46,34.56,17036197.0,0.0,1.0,32.97532211231204,32.97532211231204,32.76613610121895,32.86122065171581,17036197.0
2017-07-18,34.43,34.58,34.25,34.53,14362830.0,0.0,1.0,32.73761073606989,32.88023756181518,32.566458545175536,32.832695286566754,14362830.0
2017-07-17,34.74,34.74,34.36,34.47,21044407.0,0.0,1.0,33.032372842610165,33.032372842610165,32.67105155072208,32.77564455626863,21044407.0
2017-07-14,34.48,34.71,34.265,34.68,16316353.0,0.0,1.0,32.785153011318314,33.00384747746111,32.58072122775006,32.97532211231204,16316353.0
2017-07-13,34.33,34.4,34.12,34.24,15046199.0,0.0,1.0,32.642526185573026,32.709085370920825,32.44284862952961,32.55695009012585,15046199.0
2017-07-12,34.28,34.39,33.94,34.25,23768337.0,0.0,1.0,32.59498391032459,32.69957691587114,32.27169643863526,32.566458545175536,23768337.0
2017-07-11,33.64,33.93,33.4311,33.92,25737540.0,0.0,1.0,31.98644278714467,32.26218798358557,31.787811161156725,32.252679528535886,25737540.0
2017-07-10,33.25,33.74,33.23,33.65,29918436.0,0.0,1.0,31.615613040206906,32.08152733764154,31.59659613010753,31.995951242194355,29918436.0
2017-07-07,33.7,34.12,33.7,33.88,18304460.0,0.0,1.0,32.04349351744279,32.44284862952961,32.04349351744279,32.214645708337144,18304460.0
2017-07-06,34.12,34.29,33.56,33.63,20733189.0,0.0,1.0,32.44284862952961,32.60449236537428,31.91037514674718,31.976934332094988,20733189.0
2017-07-05,33.52,34.43,33.485,34.34,30010803.0,0.0,1.0,31.872341326548437,32.73761073606989,31.839061733874534,32.652034640622716,30010803.0
2017-07-03,33.51,34.03,33.43,33.46,12676894.0,0.0,1.0,31.862832871498746,32.35727253408244,31.78676523110126,31.815290596250318,12676894.0
2017-06-30,33.87,33.93,33.535,33.74,24432020.0,0.0,1.0,32.205137253287454,32.26218798358557,31.886604009122962,32.08152733764154,24432020.0
2017-06-29,33.92,34.1,33.34,33.54,25215664.0,0.0,1.0,32.252679528535886,32.42383171943024,31.701189135654086,31.891358236647807,25215664.0
2017-06-28,33.77,34.24,33.74,34.2,25940057.0,0.0,1.0,32.1100527027906,32.55695009012585,32.08152733764154,32.518916269927104,25940057.0
2017-06-27,34.0,34.145,33.65,33.65,27078918.0,0.0,1.0,32.328747168933376,32.46661976715383,31.995951242194355,31.995951242194355,27078918.0
2017-06-26,34.26,34.51,34.03,34.07,18854766.0,0.0,1.0,32.57596700022522,32.81367837646738,32.35727253408244,32.39530635428118,18854766.0
2017-06-23,34.21,34.55,34.095,34.19,29260888.0,0.0,1.0,32.52842472497679,32.85171219666612,32.4190774919054,32.50940781487741,29260888.0
2017-06-22,34.56,34.63,34.29,34.36,24602910.0,0.0,1.0,32.86122065171581,32.92777983706362,32.60449236537428,32.67105155072208,24602910.0
2017-06-21,34.33,34.6,34.09,34.58,27138493.0,0.0,1.0,32.642526185573026,32.89925447191455,32.414323264380556,32.88023756181518,27138493.0
2017-06-20,35.45,35.45,34.84,34.86,21536505.0,0.0,1.0,33.70747315113789,33.70747315113789,33.12745739310703,33.146474303206396,21536505.0
2017-06-19,35.61,35.61,35.32,35.51,21583752.0,0.0,1.0,33.85960843193287,33.85960843193287,33.58386323549197,33.764523881436006,21583752.0
2017-06-16,35.28,35.33,35.01,35.21,30762781.0,0.0,1.0,33.54582941529322,33.59337169054165,33.28910112895169,33.47927022994542,30762781.0
2017-06-15,35.21,35.48,35.14,35.31,20410009.0,0.0,1.0,33.47927022994542,33.73599851628695,33.412711044597614,33.574354780442285,20410009.0
2017-06-14,35.99,36.05,35.22,35.53,19149017.0,0.0,1.0,34.22092972382095,34.27798045411906,33.488778684995104,33.78354079153538,19149017.0
2017-06-13,35.68,35.95,35.53,35.88,20588247.0,0.0,1.0,33.926167617280676,34.1828959036222,33.78354079153538,34.116336718274404,20588247.0
2017-06-12,35.59,36.01,35.41,35.73,28488290.0,0.0,1.0,33.8405915218335,34.23994663392032,33.66943933093914,33.9737098925291,28488290.0
2017-06-09,36.5,36.56,35.31,35.71,33322053.0,0.0,1.0,34.70586093135495,34.76291166165307,33.574354780442285,33.954692982429734,33322053.0
2017-06-08,36.34,36.53,36.16,36.48,17154167.0,0.0,1.0,34.55372565055997,34.734386296504006,34.382573459665615,34.686844021255574,17154167.0
2017-06-07,36.13,36.57,36.1,36.26,17191983.0,0.0,1.0,34.35404809451656,34.772420116702754,34.3255227293675,34.47765801016248,17191983.0
2017-06-06,36.16,36.45,35.98,36.13,18420926.0,0.0,1.0,34.382573459665615,34.65831865610652,34.21142126877126,34.35404809451656,18420926.0
2017-06-05,36.3,36.5,36.2,36.34,11685699.0,0.0,1.0,34.51569183036122,34.70586093135495,34.42060727986436,34.55372565055997,11685699.0
2017-06-02,36.27,36.33,36.0,36.32,19127420.0,0.0,1.0,34.48716646521217,34.54421719551028,34.230438178870635,34.534708740460594,19127420.0
2017-06-01,36.12,36.13,35.8,36.12,17510915.0,0.0,1.0,34.344539639466866,34.35404809451656,34.04026907787691,34.344539639466866,17510915.0
2017-05-31,36.31,36.38,35.87,36.11,17741896.0,0.0,1.0,34.52520028541091,34.59175947075872,34.10682826322471,34.33503118441718,17741896.0
2017-05-30,36.27,36.44,36.09,36.18,13026915.0,0.0,1.0,34.48716646521217,34.64881020105683,34.316014274317816,34.40159036976499,13026915.0
2017-05-26,36.26,36.33,36.13,36.26,11145523.0,0.0,1.0,34.47765801016248,34.54421719551028,34.35404809451656,34.47765801016248,11145523.0
2017-05-25,36.12,36.39,36.06,36.26,13148542.0,0.0,1.0,34.344539639466866,34.6012679258084,34.28748890916876,34.47765801016248,13148542.0
2017-05-24,35.98,36.18,35.89,36.12,20860257.0,0.0,1.0,34.21142126877126,34.40159036976499,34.12584517332409,34.344539639466866,20860257.0
2017-05-23,35.87,35.99,35.56,35.86,16903704.0,0.0,1.0,34.10682826322471,34.22092972382095,33.81206615668444,34.09731980817502,16903704.0
2017-05-22,35.48,36.11,35.38,35.77,14638066.0,0.0,1.0,33.73599851628695,34.33503118441718,33.640913965790084,34.011743712727856,14638066.0
2017-05-19,35.15,35.55,35.13,35.4,18340127.0,0.0,1.0,33.4222194996473,33.80255770163475,33.40320258954793,33.65993087588946,18340127.0
2017-05-18,35.19,35.47,35.08,35.22,17171872.0,0.0,1.0,33.460253319846046,33.72649006123726,33.35566031429949,33.488778684995104,17171872.0
2017-05-17,35.67,35.9896,35.02,35.04,26670188.0,0.0,1.0,33.91665916223099,34.220549385618966,33.29860958400138,33.31762649410075,26670188.0
2017-05-16,35.75,35.89,35.42,35.82,22291843.0,0.0,1.0,33.992726802628475,34.12584517332409,33.67894778598883,34.05928598797628,22291843.0
2017-05-15,35.535,35.715,35.42,35.63,22120137.0,0.0,1.0,33.78829501906022,33.959447209954575,33.67894778598883,33.878625342032244,22120137.0
2017-05-12,35.72,35.74,35.4,35.53,19730842.0,0.0,1.0,33.96420143747942,33.98321834757879,33.65993087588946,33.78354079153538,19730842.0
2017-05-11,35.91,36.0,35.4543,35.69,21508923.0,0.0,1.0,34.144862083423455,34.230438178870635,33.711561786809256,33.93567607233036,21508923.0
2017-05-10,36.27,36.38,35.93,36.01,25133822.0,0.0,1.0,34.48716646521217,34.59175947075872,34.16387899352283,34.23994663392032,25133822.0
2017-05-09,36.48,36.75,36.28,36.37,17819144.0,0.0,1.0,34.686844021255574,34.94357230759711,34.49667492026185,34.582251015709026,17819144.0
2017-05-08,36.73,36.85,36.48,36.54,17660214.0,0.0,1.0,34.924555397497734,35.03865685809397,34.686844021255574,34.7438947515537,17660214.0
2017-05-05,36.86,36.93,36.5,36.82,18119243.0,0.0,1.0,35.048165313143656,35.11472449849146,34.70586093135495,35.01013149294491,18119243.0
2017-05-04,36.99,37.11,36.64,36.85,16437088.0,0.0,1.0,35.17177522878958,35.28587668938581,34.83897930205056,35.03865685809397,16437088.0
2017-05-03,36.72,37.17,36.62,36.98,22040256.0,0.2725,1.0,34.91504694244804,35.34292741968393,34.81996239195118,35.16226677373989,22040256.0
2017-05-02,36.37,37.03,36.35,36.97,35813021.0,0.0,1.0,34.32928374098167,34.95225122157139,34.31040593853956,34.89561781424505,35813021.0
2017-05-01,36.11,36.4,35.94,36.31,24825614.0,0.0,1.0,34.08387230923421,34.35760044464484,33.92341098847625,34.272650333655335,24825614.0
2017-04-28,36.1,36.485,35.88,36.15,56769258.0,0.0,1.0,34.07443340801316,34.43783110502382,33.86677758114992,34.121627914118434,56769258.0
2017-04-27,36.87,37.5,36.78,37.43,39889967.0,0.0,1.0,34.80122880203449,35.39587957896103,34.716278691044984,35.32980727041364,39889967.0
2017-04-26,36.78,37.23,36.78,36.93,27240993.0,0.0,1.0,34.716278691044984,35.141029245992506,34.716278691044984,34.857862209360825,27240993.0
2017-04-25,36.77,37.0,36.66,36.87,22066776.0,0.0,1.0,34.706839789823924,34.923934517908215,34.6030118763923,34.80122880203449,22066776.0
2017-04-24,36.67,36.85,36.46,36.75,26011786.0,0.0,1.0,34.61245077761336,34.782350999592374,34.41423385197118,34.68796198738181,26011786.0
2017-04-21,36.2,36.42,35.85,36.32,20390513.0,0.0,1.0,34.16882242022372,34.37647824708696,33.838460877486746,34.28208923487639,20390513.0
2017-04-20,36.18,36.2653,35.86,36.18,22968262.0,0.0,1.0,34.1499446177816,34.230458445197215,33.8478997787078,34.1499446177816,22968262.0
2017-04-19,35.97,36.22,35.89,35.91,16594635.0,0.0,1.0,33.95172769213942,34.187700222665825,33.87621648237097,33.895094284813084,16594635.0
2017-04-18,35.43,35.81,35.295,35.765,12321050.0,0.0,1.0,33.44202702620238,33.80070527260252,33.314601859718124,33.758230217107766,12321050.0
2017-04-17,35.44,35.59,35.33,35.48,12560746.0,0.0,1.0,33.451465927423435,33.59304944573929,33.34763801399182,33.48922153230766,12560746.0
2017-04-13,35.55,35.76,35.25,35.25,15763996.0,0.0,1.0,33.55529384085506,33.753510766497236,33.27212680422337,33.27212680422337,15763996.0
2017-04-12,35.87,36.01,35.5,35.63,19289787.0,0.0,1.0,33.85733867992886,33.98948329702365,33.50809933474978,33.63080505062351,19289787.0
2017-04-11,35.77,35.79,35.21,35.74,22711830.0,0.0,1.0,33.762949667718296,33.78182747016041,33.234371199339144,33.73463296405513,22711830.0
2017-04-10,36.02,36.09,35.61,35.8,19973723.0,0.0,1.0,33.998922198244706,34.0649945067921,33.611927248181395,33.79126637138146,19973723.0
2017-04-07,36.07,36.32,35.985,36.03,15689208.0,0.0,1.0,34.046116704349984,34.28208923487639,33.965886043971004,34.00836109946576,15689208.0
2017-04-06,36.13,36.285,36.03,36.03,20198223.0,0.0,1.0,34.10275011167632,34.24905308060269,34.00836109946576,34.00836109946576,20198223.0
2017-04-05,36.43,36.76,36.17,36.22,22455525.0,0.0,1.0,34.38591714830801,34.697400888602864,34.14050571656055,34.187700222665825,22455525.0
2017-04-04,36.12,36.375,35.99,36.28,18918045.0,0.0,1.0,34.09331121045526,34.3340031915922,33.970605494581534,34.24433362999217,18918045.0
2017-04-03,36.19,36.74,36.12,36.16,32013641.0,0.0,1.0,34.15938351900266,34.67852308616076,34.09331121045526,34.13106681533949,32013641.0
2017-03-31,35.75,36.25,35.74,36.07,21438385.0,0.0,1.0,33.74407186527618,34.216016926329,33.73463296405513,34.046116704349984,21438385.0
2017-03-30,35.58,35.89,35.52,35.75,16432950.0,0.0,1.0,33.58361054451822,33.87621648237097,33.52697713719189,33.74407186527618,16432950.0
2017-03-29,35.52,35.7,35.435,35.57,17202642.0,0.0,1.0,33.52697713719189,33.696877359170905,33.44674647681291,33.57417164329717,17202642.0
2017-03-28,35.34,35.71,35.21,35.6,18398148.0,0.0,1.0,33.35707691521288,33.70631626039196,33.234371199339144,33.60248834696034,18398148.0
2017-03-27,35.07,35.5,34.94,35.39,16992235.0,0.0,1.0,33.102226582244356,33.50809933474978,32.97952086637062,33.40427142131816,16992235.0
2017-03-24,35.65,35.73,35.12,35.16,22187960.0,0.0,1.0,33.64968285306562,33.72519406283407,33.149421088349634,33.18717669323386,22187960.0
2017-03-23,35.49,35.49,35.02,35.27,20640352.0,0.0,1.0,33.49866043352872,33.49866043352872,33.05503207613908,33.29100460666549,20640352.0
2017-03-22,35.22,35.46,35.0,35.37,19144498.0,0.0,1.0,33.2438101005602,33.470343729865554,33.036154273696965,33.385393618876044,19144498.0
2017-03-21,35.59,35.6,35.0,35.04,22814547.0,0.0,1.0,33.59304944573929,33.60248834696034,33.036154273696965,33.07390987858119,22814547.0
2017-03-20,35.37,35.63,35.26,35.43,17322274.0,0.0,1.0,33.385393618876044,33.63080505062351,33.28156570544442,33.44202702620238,17322274.0
2017-03-17,35.31,35.33,35.1,35.27,30778867.0,0.0,1.0,33.32876021154971,33.34763801399182,33.13054328590753,33.29100460666549,30778867.0
2017-03-16,35.17,35.36,35.07,35.14,19616053.0,0.0,1.0,33.19661559445492,33.37595471765499,33.102226582244356,33.16829889079175,19616053.0
2017-03-15,34.94,35.17,34.68,35.1,27996095.0,0.0,1.0,32.97952086637062,33.19661559445492,32.734109434623164,33.13054328590753,27996095.0
2017-03-14,35.06,35.23,34.66,35.18,28586871.0,0.0,1.0,33.0927876810233,33.253249001781256,32.715231632181045,33.20605449567598,28586871.0
2017-03-13,35.85,36.04,34.94,35.16,53582931.0,0.0,1.0,33.838460877486746,34.01780000068681,32.97952086637062,33.18717669323386,53582931.0
2017-03-10,36.12,36.295,35.78,35.91,25402348.0,0.0,1.0,34.09331121045526,34.25849198182375,33.772388568939355,33.895094284813084,25402348.0
2017-03-09,35.6,35.94,35.5,35.82,23616786.0,0.0,1.0,33.60248834696034,33.92341098847625,33.50809933474978,33.81014417382358,23616786.0
2017-03-08,35.67,35.9,35.525,35.62,20920148.0,0.0,1.0,33.66856065550773,33.885655383592024,33.531696587802415,33.62136614940245,20920148.0
2017-03-07,35.54,35.8,35.385,35.8,23434893.0,0.0,1.0,33.545854939634,33.79126637138146,33.39955197070763,33.79126637138146,23434893.0
2017-03-06,35.79,35.8,35.42,35.57,24416732.0,0.0,1.0,33.78182747016041,33.79126637138146,33.43258812498133,33.57417164329717,24416732.0
2017-03-03,35.94,36.085,35.67,35.9,17540896.0,0.0,1.0,33.92341098847625,34.06027505618157,33.66856065550773,33.885655383592024,17540896.0
2017-03-02,35.93,36.02,35.65,35.91,23602100.0,0.0,1.0,33.913972087255196,33.998922198244706,33.64968285306562,33.895094284813084,23602100.0
2017-03-01,35.85,36.1,35.44,35.93,34085869.0,0.0,1.0,33.838460877486746,34.07443340801316,33.451465927423435,33.913972087255196,34085869.0
2017-02-28,36.42,36.46,36.0,36.2,24977011.0,0.0,1.0,34.37647824708696,34.41423385197118,33.980044395802594,34.16882242022372,24977011.0
2017-02-27,36.42,36.68,36.27,36.51,14065236.0,0.0,1.0,34.37647824708696,34.621889678834414,34.23489472877111,34.46142835807646,14065236.0
2017-02-24,36.14,36.53,35.95,36.53,18617592.0,0.0,1.0,34.11218901289738,34.48030616051857,33.93284988969731,34.48030616051857,18617592.0
2017-02-23,36.24,36.3,35.9,36.18,22774979.0,0.0,1.0,34.206578025107945,34.263211432434275,33.885655383592024,34.1499446177816,22774979.0
2017-02-22,36.34,36.3964,35.79,36.07,29904370.0,0.0,1.0,34.30096703731851,34.35420244020526,33.78182747016041,34.046116704349984,29904370.0
2017-02-21,36.53,36.65,36.33,36.52,20556017.0,0.0,1.0,34.48030616051857,34.59357297517125,34.29152813609745,34.47086725929752,20556017.0
2017-02-17,36.32,36.48,36.1,36.48,18909888.0,0.0,1.0,34.28208923487639,34.43311165441329,34.07443340801316,34.43311165441329,18909888.0
2017-02-16,36.18,36.56,36.1,36.41,21317455.0,0.0,1.0,34.1499446177816,34.508622864181746,34.07443340801316,34.36703934586589,21317455.0
2017-02-15,35.98,36.06,35.67,36.05,18452197.0,0.0,1.0,33.961166593360474,34.03667780312893,33.66856065550773,34.02723890190787,18452197.0
2017-02-14,35.84,35.96,35.53,35.93,25734801.0,0.0,1.0,33.82902197626569,33.94228879091837,33.536416038412945,33.913972087255196,25734801.0
2017-02-13,35.57,35.85,35.34,35.8,28180550.0,0.0,1.0,33.57417164329717,33.838460877486746,33.35707691521288,33.79126637138146,28180550.0
2017-02-10,35.26,35.43,34.84,35.34,44106523.0,0.0,1.0,33.28156570544442,33.44202702620238,32.885131854160065,33.35707691521288,44106523.0
2017-02-09,36.5,36.5,35.4,35.46,47802687.0,0.0,1.0,34.4519894568554,34.4519894568554,33.41371032253921,33.470343729865554,47802687.0
2017-02-08,36.34,36.65,36.14,36.38,20807358.0,0.0,1.0,34.30096703731851,34.59357297517125,34.11218901289738,34.33872264220273,20807358.0
2017-02-07,36.45,36.52,36.24,36.35,18581866.0,0.0,1.0,34.40479495075012,34.47086725929752,34.206578025107945,34.31040593853956,18581866.0
2017-02-06,36.51,36.51,36.15,36.27,21426961.0,0.0,1.0,34.46142835807646,34.46142835807646,34.121627914118434,34.23489472877111,21426961.0
2017-02-03,36.69,36.82,36.45,36.52,21038146.0,0.26,1.0,34.631328580055474,34.7540342959292,34.40479495075012,34.47086725929752,21038146.0
2017-02-02,36.26,36.7,36.2,36.68,31916939.0,0.0,1.0,33.98351405171637,34.39588984274658,33.92728098930316,34.37714548860884,31916939.0
2017-02-01,36.82,36.95,36.02,36.52,28380640.0,0.0,1.0,34.508355967572996,34.630194269468284,33.75858180206353,34.227190655506945,28380640.0
2017-01-31,37.22,37.37,36.6401,36.82,27059084.0,0.0,1.0,34.88324305032772,35.023825706360746,34.339750502104046,34.508355967572996,27059084.0
2017-01-30,37.74,37.84,37.33,37.42,23954716.0,0.0,1.0,35.37059625790887,35.46431802859756,34.98633699808527,35.07068659170509,23954716.0
2017-01-27,38.0,38.45,37.81,37.98,44368566.0,0.0,1.0,35.61427286169945,36.036020829798524,35.436201497390954,35.59552850756171,44368566.0
2017-01-26,37.82,37.925,37.42,37.56,34144843.0,0.0,1.0,35.44557367445982,35.54398153368293,35.07068659170509,35.20189707066925,34144843.0
2017-01-25,37.87,38.0,37.515,37.8,32357313.0,0.0,1.0,35.49243455980416,35.61427286169945,35.15972227385934,35.42682932032208,32357313.0
2017-01-24,36.84,37.74,36.81,37.62,35140871.0,0.0,1.0,34.52710032171073,35.37059625790887,34.49898379050413,35.25813013308245,35140871.0
2017-01-23,37.07,37.21,36.55,36.77,27752565.0,0.0,1.0,34.7426603942947,34.87387087325886,34.255307186713544,34.46149508222865,27752565.0
2017-01-20,36.76,37.03,36.58,36.94,23950936.0,0.0,1.0,34.45212290515978,34.70517168601923,34.28342371792015,34.62082209239941,23950936.0
2017-01-19,36.51,36.91,36.51,36.57,13654522.0,0.0,1.0,34.217818478438076,34.5927055611928,34.217818478438076,34.27405154085128,13654522.0
2017-01-18,36.89,37.01,36.61,36.76,15382452.0,0.0,1.0,34.57396120705507,34.68642733188149,34.31154024912676,34.45212290515978,15382452.0
2017-01-17,36.67,36.83,36.59,36.8,20195202.0,0.0,1.0,34.36777331153997,34.51772814464186,34.29279589498903,34.48961161343525,20195202.0
2017-01-13,36.71,36.86,36.62,36.79,15072235.0,0.0,1.0,34.40526201981544,34.545844675848464,34.320912426195626,34.48023943636639,15072235.0
2017-01-12,36.83,36.83,36.32,36.71,20391946.0,0.0,1.0,34.51772814464186,34.51772814464186,34.039747114129575,34.40526201981544,20391946.0
2017-01-11,36.51,37.0,36.51,36.95,22398426.0,0.0,1.0,34.217818478438076,34.67705515481262,34.217818478438076,34.630194269468284,22398426.0
2017-01-10,36.55,36.93,36.53,36.54,15918766.0,0.0,1.0,34.255307186713544,34.611449915330546,34.236562832575814,34.24593500964468,15918766.0
2017-01-09,36.48,36.885,36.4776,36.61,19461422.0,0.0,1.0,34.18970194723147,34.569275118520636,34.187452624734945,34.31154024912676,19461422.0
2017-01-06,36.59,36.68,36.19,36.48,15113998.0,0.0,1.0,34.29279589498903,34.37714548860884,33.91790881223429,34.18970194723147,15113998.0
2017-01-05,36.45,36.72,36.305,36.35,13986002.0,0.0,1.0,34.16158541602487,34.41463419688431,34.02568884852627,34.06786364533618,13986002.0
2017-01-04,36.71,36.77,36.34,36.41,15915729.0,0.0,1.0,34.40526201981544,34.46149508222865,34.05849146826732,34.12409670774939,15915729.0
2017-01-03,36.61,36.93,36.27,36.6,20196466.0,0.0,1.0,34.31154024912676,34.611449915330546,33.99288622878524,34.30216807205789,20196466.0
2016-12-30,36.79,36.8,36.2,36.27,17467984.0,0.0,1.0,34.48023943636639,34.48961161343525,33.92728098930316,33.99288622878524,17467984.0
2016-12-29,36.51,36.72,36.43,36.66,8447998.0,0.0,1.0,34.217818478438076,34.41463419688431,34.14284106188713,34.358401134471094,8447998.0
2016-12-28,37.1,37.2,36.58,36.63,12868584.0,0.0,1.0,34.7707769255013,34.86449869618999,34.28342371792015,34.330284603264495,12868584.0
2016-12-27,36.91,37.33,36.91,37.07,9033706.0,0.0,1.0,34.5927055611928,34.98633699808527,34.5927055611928,34.7426603942947,9033706.0
2016-12-23,36.93,36.98,36.7709,36.97,6287281.0,0.0,1.0,34.611449915330546,34.65831080067488,34.46233857816485,34.648938623606014,6287281.0
2016-12-22,37.23,37.24,36.81,36.93,10793879.0,0.0,1.0,34.89261522739659,34.90198740446546,34.49898379050413,34.611449915330546,10793879.0
2016-12-21,37.25,37.345,36.91,36.98,14323574.0,0.0,1.0,34.91135958153433,35.000395263688574,34.5927055611928,34.65831080067488,14323574.0
2016-12-20,36.95,37.24,36.89,37.21,18551844.0,0.0,1.0,34.630194269468284,34.90198740446546,34.57396120705507,34.87387087325886,18551844.0
2016-12-19,36.34,36.95,36.27,36.89,18744306.0,0.0,1.0,34.05849146826732,34.630194269468284,33.99288622878524,34.57396120705507,18744306.0
2016-12-16,36.72,36.87,36.085,36.31,38212824.0,0.0,1.0,34.41463419688431,34.55521685291733,33.81950095301117,34.030374937060714,38212824.0
2016-12-15,36.74,37.16,36.53,36.79,23721538.0,0.0,1.0,34.433378551022045,34.82700998791451,34.236562832575814,34.48023943636639,23721538.0
2016-12-14,36.7,36.89,36.46,36.55,30819365.0,0.0,1.0,34.39588984274658,34.57396120705507,34.17095759309373,34.255307186713544,30819365.0
2016-12-13,36.01,36.89,35.93,36.8,35773592.0,0.0,1.0,33.74920962499466,34.57396120705507,33.67423220844371,34.48961161343525,35773592.0
2016-12-12,35.78,36.09,35.67,35.97,21985830.0,0.0,1.0,33.533649552410694,33.82418704154561,33.430555604653144,33.71172091671919,21985830.0
2016-12-09,35.75,35.9,35.59,35.76,16326925.0,0.0,1.0,33.50553302120409,33.64611567723711,33.3555781881022,33.514905198272956,16326925.0
2016-12-08,35.48,36.03,35.22,35.7,19966537.0,0.0,1.0,33.25248424034464,33.7679539791324,33.00880763655407,33.45867213585975,19966537.0
2016-12-07,34.67,35.57,34.45,35.5,21710273.0,0.0,1.0,32.49333789776632,33.336833833964455,32.28715000225122,33.27122859448238,21710273.0
2016-12-06,34.39,34.75,34.3,34.72,15297703.0,0.0,1.0,32.230916939838,32.56831531431726,32.146567346218184,32.540198783110654,15297703.0
2016-12-05,34.31,34.42,33.965,34.39,14461972.0,0.0,1.0,32.15593952328706,32.25903347104461,31.832599414411103,32.230916939838,14461972.0
2016-12-02,33.72,34.26,33.6,34.16,21492534.0,0.0,1.0,31.602981076223827,32.10907863794271,31.490514951397408,32.01535686725403,21492534.0
2016-12-01,34.86,34.93,33.56,33.76,29618687.0,0.0,1.0,32.67140926207481,32.737014501556885,31.453026243121936,31.6404697844993,29618687.0
2016-11-30,33.88,35.3,34.7,34.7,27016070.0,0.0,1.0,31.75293590932572,33.08378505310501,32.52145442897292,32.52145442897292,27016070.0
2016-11-29,34.63,35.64,35.27,35.31,19581040.0,0.0,1.0,32.45584918949084,33.40243907344654,33.05566852189841,33.09315723017389,19581040.0
2016-11-28,35.43,35.66,35.21,35.51,13549048.0,0.0,1.0,33.2056233550003,33.42118342758427,32.9994354594852,33.28060077155125,13549048.0
2016-11-25,35.11,35.45,35.11,35.44,6372836.0,0.0,1.0,32.90571368879652,33.22436770913804,32.90571368879652,33.21499553206917,6372836.0
2016-11-23,35.48,35.52,35.1,35.2,15843618.0,0.0,1.0,33.25248424034464,33.28997294862012,32.89634151172765,32.99006328241634,15843618.0
2016-11-22,35.18,35.5,35.11,35.48,22327447.0,0.0,1.0,32.97131892827859,33.27122859448238,32.90571368879652,33.25248424034464,22327447.0
2016-11-21,35.1,35.2,34.84,34.98,14259526.0,0.0,1.0,32.89634151172765,32.99006328241634,32.65266490793708,32.78387538690123,14259526.0
2016-11-18,34.9,35.0,34.64,34.95,16806853.0,0.0,1.0,32.70889797035028,32.80261974103897,32.46522136655971,32.75575885569463,16806853.0
2016-11-17,34.81,35.02,34.63,35.02,15748521.0,0.0,1.0,32.62454837673047,32.821364095176705,32.45584918949084,32.821364095176705,15748521.0
2016-11-16,34.9,34.92,34.54,34.84,18565450.0,0.0,1.0,32.70889797035028,32.72764232448802,32.37149959587102,32.65266490793708,18565450.0
2016-11-15,34.64,35.29,34.61,34.91,20676112.0,0.0,1.0,32.46522136655971,33.07441287603614,32.437104835353104,32.71827014741915,20676112.0
2016-11-14,34.56,34.73,34.2,34.48,22558941.0,0.0,1.0,32.39024395000877,32.54957096017952,32.05284557552951,32.315266533457816,22558941.0
2016-11-11,34.57,34.87,34.34,34.61,22665026.0,0.0,1.0,32.39961612707763,32.68078143914368,32.18405605449366,32.437104835353104,22665026.0
2016-11-10,34.95,34.95,34.025,34.5,28250229.0,0.0,1.0,32.75575885569463,32.75575885569463,31.88883247682431,32.334010887595554,28250229.0
2016-11-09,34.13,34.85,33.67,34.75,25999427.0,0.0,1.0,31.987240336047428,32.66203708500594,31.556120190879486,32.56831531431726,25999427.0
2016-11-08,34.6,34.95,34.49,34.74,14833126.0,0.0,1.0,32.427732658284235,32.75575885569463,32.324638710526685,32.55894313724839,14833126.0
2016-11-07,34.24,34.75,34.15,34.69,19296598.0,0.0,1.0,32.09033428380498,32.56831531431726,32.00598469018516,32.51208225190405,19296598.0
2016-11-04,33.53,33.93,33.42,33.61,21914746.0,0.0,1.0,31.42490971191533,31.79979679467006,31.32181576415778,31.499887128466273,21914746.0
2016-11-03,34.45,34.52,33.87,33.93,19400032.0,0.26,1.0,32.28715000225122,32.35275524173329,31.74356373225685,31.79979679467006,19400032.0
2016-11-02,34.6,34.9,34.47,34.6,21416408.0,0.0,1.0,32.181133930844815,32.4601611036556,32.06022215596013,32.181133930844815,21416408.0
2016-11-01,34.9,35.16,34.27,34.52,25368222.0,0.0,1.0,32.4601611036556,32.70198465342496,31.874204040752943,32.10672668476194,25368222.0
2016-10-31,34.92,35.08,34.84,34.87,19188602.0,0.0,1.0,32.478762915176326,32.62757740734208,32.40435566909345,32.43225838637452,19188602.0
2016-10-28,34.87,35.17,34.71,34.74,22296428.0,0.0,1.0,32.43225838637452,32.71128555918532,32.28344389420877,32.31134661148985,22296428.0
2016-10-27,35.1,35.23,34.75,34.81,14634685.0,0.0,1.0,32.646179218862805,32.76709099374747,32.32064751725021,32.37645295181237,14634685.0
2016-10-26,35.04,35.205,34.74,34.92,19977604.0,0.0,1.0,32.59037378430064,32.74383872934658,32.31134661148985,32.478762915176326,19977604.0
2016-10-25,35.14,35.25,35.01,35.1,17860312.0,0.0,1.0,32.68338284190424,32.7856928052682,32.56247106701956,32.646179218862805,17860312.0
2016-10-24,35.43,35.49,35.11,35.26,21524741.0,0.0,1.0,32.95310910895467,33.00891454351683,32.65548012462316,32.79499371102855,21524741.0
2016-10-21,35.21,35.4,34.81,35.15,20813248.0,0.0,1.0,32.748489182226756,32.92520639167359,32.37645295181237,32.692683747664596,20813248.0
2016-10-20,35.41,35.67,35.1,35.43,25669479.0,0.0,1.0,32.93450729743395,33.17633084720331,32.646179218862805,32.95310910895467,25669479.0
2016-10-19,36.07,36.09,35.23,35.51,75229016.0,0.0,1.0,33.5483670776177,33.56696888913842,32.76709099374747,33.02751635503755,75229016.0
2016-10-18,37.97,38.05,37.53,37.75,42907753.0,0.0,1.0,35.315539172086055,35.38994641816893,34.906299318630225,35.11091924535814,42907753.0
2016-10-17,37.55,37.7162,37.245,37.29,15788142.0,0.0,1.0,34.92490113015094,35.079482183888125,34.64122350445997,34.68307758038159,15788142.0
2016-10-14,37.19,37.7,37.155,37.45,19123944.0,0.0,1.0,34.59006852277799,35.06441471655634,34.55751535261673,34.83189207254735,19123944.0
2016-10-13,36.85,37.13,36.46,36.97,16936015.0,0.0,1.0,34.27383772692576,34.53426308821584,33.91110240227173,34.385448596050075,16936015.0
2016-10-12,37.2,37.25,36.81,37.13,14053888.0,0.0,1.0,34.59936942853835,34.64587395734015,34.23663410388432,34.53426308821584,14053888.0
2016-10-11,37.91,38.0,36.821,37.27,27650460.0,0.0,1.0,35.259733737523895,35.343441889367135,34.24686510022072,34.664475768860875,27650460.0
2016-10-10,38.25,38.36,37.9,38.02,14954297.0,0.0,1.0,35.57596453337613,35.67827449674009,35.25043283176353,35.36204370088786,14954297.0
2016-10-07,38.08,38.22,37.78,38.1,16942539.0,0.0,1.0,35.41784913545001,35.54806181609505,35.13882196263922,35.43645094697073,16942539.0
2016-10-06,37.84,38.16,37.575,38.07,15171434.0,0.0,1.0,35.19462739720138,35.49225638153289,34.948153394551845,35.40854822968965,15171434.0
2016-10-05,37.75,38.31,37.64,37.99,22420804.0,0.0,1.0,35.11091924535814,35.63176996793829,35.00860928199418,35.33414098360678,22420804.0
2016-10-04,37.77,37.94,37.33,37.54,14393109.0,0.0,1.0,35.129521056878865,35.287636454804975,34.72028120342303,34.91560022439059,14393109.0
2016-10-03,37.69,37.95,37.53,37.66,14113578.0,0.0,1.0,35.05511381079598,35.29693736056534,34.906299318630225,35.0272110935149,14113578.0
2016-09-30,37.47,37.92,37.44,37.75,24279306.0,0.0,1.0,34.850493884068065,35.26903464328426,34.822591166786985,35.11091924535814,24279306.0
2016-09-29,37.49,37.53,37.0,37.32,17674969.0,0.0,1.0,34.86909569558879,34.906299318630225,34.413351313331155,34.71098029766267,17674969.0
2016-09-28,37.31,37.5,37.15,37.44,19020799.0,0.0,1.0,34.70167939190231,34.878396601349145,34.552864899736555,34.822591166786985,19020799.0
2016-09-27,36.9,37.22,36.63,37.18,22391576.0,0.0,1.0,34.32034225572756,34.61797124005907,34.06921780019785,34.580767617017635,22391576.0
2016-09-26,36.92,36.94,36.6,36.65,25518796.0,0.0,1.0,34.33894406724828,34.357545878768995,34.04131508291677,34.087819611718565,25518796.0
2016-09-23,37.45,37.65,37.12,37.19,18062474.0,0.0,1.0,34.83189207254735,35.01791018775454,34.524962182455475,34.59006852277799,18062474.0
2016-09-22,37.6,37.83,37.44,37.55,17013410.0,0.0,1.0,34.97140565895275,35.18532649144102,34.822591166786985,34.92490113015094,17013410.0
2016-09-21,37.21,37.46,36.8601,37.45,21233698.0,0.0,1.0,34.608670334298715,34.84119297830771,34.283231641743726,34.83189207254735,21233698.0
2016-09-20,37.42,37.43,36.94,37.14,24796900.0,0.0,1.0,34.80398935526627,34.81329026102663,34.357545878768995,34.54356399397619,24796900.0
2016-09-19,37.69,38.02,37.09,37.16,30531708.0,0.0,1.0,35.05511381079598,35.36204370088786,34.497059465174395,34.56216580549691,30531708.0
2016-09-16,37.72,38.05,37.25,37.67,74577899.0,0.0,1.0,35.08301652807706,35.38994641816893,34.64587395734015,35.03651199927526,74577899.0
2016-09-15,35.74,36.65,35.54,36.56,24585103.0,0.0,1.0,33.241437187525825,34.087819611718565,33.05541907231863,34.00411145987533,24585103.0
2016-09-14,35.51,35.815,35.395,35.62,14127224.0,0.0,1.0,33.02751635503755,33.311193980728525,32.92055593879342,33.129826318401506,14127224.0
2016-09-13,35.75,35.88,35.32,35.61,23591345.0,0.0,1.0,33.25073809328619,33.37164986817086,32.85079914559071,33.12052541264115,23591345.0
2016-09-12,35.19,36.12,35.064,36.08,22796599.0,0.0,1.0,32.72988737070604,33.594871606419495,32.61269595812551,33.55766798337805,22796599.0
2016-09-09,36.1,36.39,35.44,35.44,29457900.0,0.0,1.0,33.57626979489878,33.845996061949215,32.96241001471503,32.96241001471503,29457900.0
2016-09-08,36.35,36.59,36.12,36.44,20356511.0,0.0,1.0,33.80879243890777,34.03201417715641,33.594871606419495,33.892500590751006,20356511.0
2016-09-07,36.65,36.65,36.38,36.46,18495645.0,0.0,1.0,34.087819611718565,34.087819611718565,33.83669515618885,33.91110240227173,18495645.0
2016-09-06,36.38,36.6,36.17,36.57,22337790.0,0.0,1.0,33.83669515618885,34.04131508291677,33.6413761352213,34.01341236563569,22337790.0
2016-09-02,36.21,36.33,35.95,36.08,16726718.0,0.0,1.0,33.678579758262735,33.79019062738705,33.436756208493385,33.55766798337805,16726718.0
2016-09-01,35.99,36.04,35.58,36.02,18925769.0,0.0,1.0,33.47395983153482,33.52046436033662,33.09262269536007,33.5018625488159,18925769.0
2016-08-31,35.62,35.9,35.58,35.89,20562722.0,0.0,1.0,33.129826318401506,33.39025167969158,33.09262269536007,33.380950773931225,20562722.0
2016-08-30,35.59,35.74,35.52,35.7,15183208.0,0.0,1.0,33.10192360112043,33.241437187525825,33.03681726079791,33.20423356448439,15183208.0
2016-08-29,35.48,35.67,35.15,35.55,15264300.0,0.0,1.0,32.99961363775647,33.17633084720331,32.692683747664596,33.06471997807899,15264300.0
2016-08-26,35.11,35.58,35.05,35.26,14469924.0,0.0,1.0,32.65548012462316,33.09262269536007,32.599674690061,32.79499371102855,14469924.0
2016-08-25,35.05,35.22,34.896,35.09,12427980.0,0.0,1.0,32.599674690061,32.75779008798712,32.456440741351464,32.63687831310244,12427980.0
2016-08-24,35.32,35.41,35.02,35.15,16343525.0,0.0,1.0,32.85079914559071,32.93450729743395,32.57177197277993,32.692683747664596,16343525.0
2016-08-23,35.5,35.69,35.3,35.4,18316042.0,0.0,1.0,33.01821544927719,33.19493265872403,32.832197334069996,32.92520639167359,18316042.0
2016-08-22,35.2,35.45,35.12,35.36,14941430.0,0.0,1.0,32.7391882764664,32.971710920475395,32.664781030383516,32.888002768632155,14941430.0
2016-08-19,34.84,35.27,34.735,35.24,16417640.0,0.0,1.0,32.40435566909345,32.80429461678892,32.30669615860967,32.77639189950784,16417640.0
2016-08-18,34.96,35.09,34.75,34.97,16085181.0,0.0,1.0,32.51596653821777,32.63687831310244,32.32064751725021,32.52526744397812,16085181.0
2016-08-17,35.17,35.21,34.77,35.02,18221644.0,0.0,1.0,32.71128555918532,32.748489182226756,32.33924932877093,32.57177197277993,18221644.0
2016-08-16,34.77,35.21,34.77,35.21,16320929.0,0.0,1.0,32.33924932877093,32.748489182226756,32.33924932877093,32.748489182226756,16320929.0
2016-08-15,34.7,35.16,34.63,34.91,18931063.0,0.0,1.0,32.27414298844841,32.70198465342496,32.209036648125895,32.46946200941596,18931063.0
2016-08-12,34.52,34.76,34.44,34.57,15708316.0,0.0,1.0,32.10672668476194,32.32994842301056,32.03231943867905,32.153231213563735,15708316.0
2016-08-11,34.66,34.74,34.49,34.68,16364120.0,0.0,1.0,32.23693936540697,32.31134661148985,32.07882396748086,32.25554117692769,16364120.0
2016-08-10,35.0,35.0,34.5,34.53,19579027.0,0.0,1.0,32.5531701612592,32.5531701612592,32.08812487324121,32.11602759052229,19579027.0
2016-08-09,35.04,35.16,34.84,34.92,12578884.0,0.0,1.0,32.59037378430064,32.70198465342496,32.40435566909345,32.478762915176326,12578884.0
2016-08-08,34.9,35.17,34.86,35.04,19497332.0,0.0,1.0,32.4601611036556,32.71128555918532,32.422957480614166,32.59037378430064,19497332.0
2016-08-05,34.8,35.13,34.7,34.98,20046211.0,0.0,1.0,32.367152046052006,32.674081936143885,32.27414298844841,32.53456834973848,20046211.0
2016-08-04,34.29,34.62,34.22,34.58,16362642.0,0.0,1.0,31.892805852273657,32.199735742365526,31.82769951195114,32.16253211932409,16362642.0
2016-08-03,34.1,34.28,33.99,34.25,18388764.0,0.26,1.0,31.716088642826826,31.883504946513302,31.613778679462868,31.85560222923222,18388764.0
2016-08-02,34.81,34.87,34.325,34.56,20057327.0,0.0,1.0,32.1325271979013,32.18791219163511,31.6848318318863,31.901756390677072,20057327.0
2016-08-01,34.82,34.91,34.56,34.85,18824409.0,0.0,1.0,32.14175803019027,32.22483552079098,31.901756390677072,32.16945052705717,18824409.0
2016-07-29,34.77,34.915,34.605,34.86,18171236.0,0.0,1.0,32.09560386874542,32.22945093693547,31.94329513597743,32.17868135934614,18171236.0
2016-07-28,34.83,34.83,34.52,34.77,21667377.0,0.0,1.0,32.15098886247923,32.15098886247923,31.864833061521196,32.09560386874542,21667377.0
2016-07-27,35.0,35.28,34.63,34.83,23601763.0,0.0,1.0,32.30791301139171,32.56637631548284,31.966372216699856,32.15098886247923,23601763.0
2016-07-26,34.75,35.23,34.7,35.09,29644428.0,0.0,1.0,32.07714220416748,32.520222154037995,32.03098804272264,32.390990501992434,29644428.0
2016-07-25,34.62,34.755,34.57,34.69,20277701.0,0.0,1.0,31.957141384410882,32.08175762031197,31.91098722296604,32.02175721043366,20277701.0
2016-07-22,34.38,34.7,34.26,34.66,33033653.0,0.0,1.0,31.73560140947563,32.03098804272264,31.624831422007997,31.994064713566758,33033653.0
2016-07-21,34.33,34.49,33.86,34.27,63708597.0,0.0,1.0,31.68944724803078,31.837140564654288,31.255598130449236,31.63406225429697,63708597.0
2016-07-20,35.3,35.93,35.06,35.69,42994187.0,0.0,1.0,32.584837980060776,33.16638041426583,32.36329800512553,32.94484043933057,42994187.0
2016-07-19,34.89,35.16,34.85,35.15,20395424.0,0.0,1.0,32.20637385621305,32.45560632801521,32.16945052705717,32.446375495726244,20395424.0
2016-07-18,35.18,35.2,34.95,35.05,19347177.0,0.0,1.0,32.47406799259315,32.49252965717109,32.261758849946865,32.35406717283655,19347177.0
2016-07-15,35.26,35.29,34.9,35.07,23661856.0,0.0,1.0,32.5479146509049,32.57560714777181,32.21560468850202,32.37252883741449,23661856.0
2016-07-14,35.13,35.3,34.96,35.2,25296374.0,0.0,1.0,32.42791383114831,32.584837980060776,32.270989682235836,32.49252965717109,25296374.0
2016-07-13,35.04,35.25,34.88,35.01,29120904.0,0.0,1.0,32.34483634054759,32.53868381861594,32.197143023924085,32.317143843680675,29120904.0
2016-07-12,34.51,34.97,34.48,34.94,28064113.0,0.0,1.0,31.855602229232222,32.2802205145248,31.827909732365313,32.252528017657895,28064113.0
2016-07-11,34.04,34.5,34.04,34.38,23820667.0,0.0,1.0,31.421753111650677,31.846371396943255,31.421753111650677,31.73560140947563,23820667.0
2016-07-08,33.65,34.0,33.5,34.0,23341870.0,0.0,1.0,31.061750652380884,31.384829782494805,30.92328816804635,31.384829782494805,23341870.0
2016-07-07,32.96,33.55,32.96,33.2,26119445.0,0.0,1.0,30.424823224442022,30.969442329491194,30.424823224442022,30.64636319937728,26119445.0
2016-07-06,32.8,33.0,32.38,32.97,21070217.0,0.0,1.0,30.277129907818512,30.461746553597898,29.889434951681817,30.43405405673099,21070217.0
2016-07-05,32.5,32.73,32.455,32.68,20107191.0,0.0,1.0,30.000204939149445,30.212514081795728,29.958666193849083,30.166359920350885,20107191.0
2016-07-01,32.64,32.885,32.47,32.75,17084570.0,0.0,1.0,30.129436591195013,30.355591982274753,29.972512442282536,30.23097574637367,17084570.0
2016-06-30,32.0,32.88,31.97,32.8,34528919.0,0.0,1.0,29.53866332470099,30.35097656613027,29.510970827834083,30.277129907818512,34528919.0
2016-06-29,31.35,31.98,31.31,31.93,22771058.0,0.0,1.0,28.938659225918002,29.520201660123053,28.901735896762126,29.474047498678207,22771058.0
2016-06-28,30.97,31.2,30.81,31.19,23693871.0,0.0,1.0,28.587887598937176,28.800196741583466,28.440194282313673,28.7909659092945,23693871.0
2016-06-27,31.41,31.41,30.44,30.72,35454030.0,0.0,1.0,28.994044219651816,28.994044219651816,28.098653487621817,28.35711679171295,35454030.0
2016-06-24,31.8,32.32,31.4,31.55,38094301.0,0.0,1.0,29.35404667892161,29.834049957948,28.984813387362845,29.123275871697384,38094301.0
2016-06-23,32.58,33.0,32.5011,32.99,22048784.0,0.0,1.0,30.074051597461196,30.461746553597898,30.00122033070123,30.45251572130893,22048784.0
2016-06-22,32.3,32.63,32.25,32.29,18304758.0,0.0,1.0,29.81558829337006,30.120205758906046,29.769434131925216,29.80635746108109,18304758.0
2016-06-21,32.26,32.375,32.09,32.32,15476450.0,0.0,1.0,29.778664964214183,29.884819535537332,29.621740815301717,29.834049957948,15476450.0
2016-06-20,32.07,32.44,32.01,32.17,21961579.0,0.0,1.0,29.603279150723775,29.944819945415627,29.54789415698996,29.695587473613468,21961579.0
2016-06-17,31.73,31.81,31.47,31.76,27047860.0,0.0,1.0,29.28943085289883,29.363277511210576,29.04942921338563,29.317123349765737,27047860.0
2016-06-16,31.44,31.77,31.22,31.69,18547853.0,0.0,1.0,29.021736716518724,29.326354182054704,28.818658406161404,29.252507523742953,18547853.0
2016-06-15,32.25,32.26,31.59,31.61,23783272.0,0.0,1.0,29.769434131925216,29.778664964214183,29.16019920085326,29.178660865431198,23783272.0
2016-06-14,32.01,32.24,31.79,32.14,18754277.0,0.0,1.0,29.54789415698996,29.76020329963625,29.34481584663264,29.66789497674656,18754277.0
2016-06-13,32.05,32.5,32.04,32.17,23004832.0,0.0,1.0,29.584817486145834,30.000204939149445,29.575586653856867,29.695587473613468,23004832.0
2016-06-10,31.7,32.24,31.65,32.04,35749113.0,0.0,1.0,29.26173835603192,29.76020329963625,29.215584194587073,29.575586653856867,35749113.0
2016-06-09,31.68,32.0,31.68,31.94,11276764.0,0.0,1.0,29.243276691453982,29.53866332470099,29.243276691453982,29.483278330967178,11276764.0
2016-06-08,31.8,32.0,31.79,31.89,12732088.0,0.0,1.0,29.35404667892161,29.53866332470099,29.34481584663264,29.43712416952233,12732088.0
2016-06-07,31.75,32.02,31.7,31.88,19339090.0,0.0,1.0,29.307892517476766,29.557124989278933,29.26173835603192,29.42789333723336,19339090.0
2016-06-06,31.64,31.82,31.58,31.68,15139603.0,0.0,1.0,29.206353362298106,29.372508343499547,29.15096836856429,29.243276691453982,15139603.0
2016-06-03,31.74,31.74,31.395,31.62,15777539.0,0.0,1.0,29.298661685187795,29.298661685187795,28.980197971218363,29.18789169772017,15777539.0
2016-06-02,31.56,31.76,31.45,31.76,14140127.0,0.0,1.0,29.13250670398635,29.317123349765737,29.03096754880769,29.317123349765737,14140127.0
2016-06-01,31.62,31.72,31.47,31.66,17753532.0,0.0,1.0,29.18789169772017,29.280200020609858,29.04942921338563,29.224815026876044,17753532.0
2016-05-31,31.51,31.65,31.31,31.59,23040218.0,0.0,1.0,29.08635254254151,29.215584194587073,28.901735896762126,29.16019920085326,23040218.0
2016-05-27,31.6,31.65,31.45,31.57,13341296.0,0.0,1.0,29.16943003314223,29.215584194587073,29.03096754880769,29.141737536275322,13341296.0
2016-05-26,31.49,31.63,31.4,31.49,12692300.0,0.0,1.0,29.067890877963567,29.197122530009135,28.984813387362845,29.067890877963567,12692300.0
2016-05-25,31.2,31.57,31.15,31.39,18423836.0,0.0,1.0,28.800196741583466,29.141737536275322,28.75404258013862,28.975582555073878,18423836.0
2016-05-24,30.5,31.12,30.45,31.06,23699229.0,0.0,1.0,28.15403848135563,28.726350083271715,28.107884319910788,28.670965089537898,23699229.0
2016-05-23,30.23,30.4825,30.13,30.23,20881905.0,0.0,1.0,27.904806009553468,28.137884524849937,27.812497686663775,27.904806009553468,20881905.0
2016-05-20,29.73,30.38,29.7,30.15,22777251.0,0.0,1.0,27.443264395105015,28.043268493888004,27.415571898238106,27.830959351241713,22777251.0
2016-05-19,29.77,29.93,29.5,29.63,21740870.0,0.0,1.0,27.48018772426089,27.627881040884397,27.230955252458728,27.35095607221532,21740870.0
2016-05-18,30.03,30.25,29.78,29.99,22469947.0,0.0,1.0,27.720189363774086,27.923267674131406,27.48941855654986,27.68326603461821,22469947.0
2016-05-17,30.57,30.57,29.86,29.98,25709903.0,0.0,1.0,28.218654307378415,28.218654307378415,27.563265214861612,27.674035202329243,25709903.0
2016-05-16,29.9,30.56,29.88,30.39,21826072.0,0.0,1.0,27.600188544017488,28.209423475089444,27.58172687943955,28.052499326176974,21826072.0
2016-05-13,29.86,30.2,29.84,29.91,19999591.0,0.0,1.0,27.563265214861612,27.87711351268656,27.544803550283675,27.60941937630646,19999591.0
2016-05-12,30.11,30.24,29.57,29.76,20826694.0,0.0,1.0,27.794036022085837,27.914036841842435,27.295571078481508,27.470956891971923,20826694.0
2016-05-11,30.16,30.245,29.97,30.06,15754233.0,0.0,1.0,27.840190183530684,27.91865225798692,27.664804370040272,27.74788186064099,15754233.0
2016-05-10,30.0,30.18,29.82,30.14,17013816.0,0.0,1.0,27.692496866907177,27.85865184810862,27.526341885705737,27.821728518952746,17013816.0
2016-05-09,30.08,30.17,29.76,29.8,16888275.0,0.0,1.0,27.76634352521893,27.849421015819654,27.470956891971923,27.5078802211278,16888275.0
2016-05-06,29.61,30.11,29.52,30.04,19632199.0,0.0,1.0,27.332494407637384,27.794036022085837,27.249416917036665,27.729420196063053,19632199.0
2016-05-05,29.87,30.02,29.75,29.9,23393270.0,0.0,1.0,27.572496047150583,27.710958531485115,27.461726059682952,27.600188544017488,23393270.0
2016-05-04,30.17,30.21,29.7,29.85,23278779.0,0.26,1.0,27.849421015819654,27.88634434497553,27.415571898238106,27.554034382572645,23278779.0
2016-05-03,30.41,30.56,30.09,30.36,27111147.0,0.0,1.0,27.828568102757693,27.965834962850213,27.535732134560305,27.78281248272685,27111147.0
2016-05-02,30.45,30.69,30.36,30.61,21086632.0,0.0,1.0,27.865172598782365,28.084799574930404,27.78281248272685,28.011590582881055,21086632.0
2016-04-29,30.86,30.87,30.1,30.28,36443747.0,0.0,1.0,28.240368683035264,28.249519807041434,27.544883258566475,27.709603490677505,36443747.0
2016-04-28,31.45,31.71,31.03,31.11,25146389.0,0.0,1.0,28.78028499939919,29.018214223559568,28.395937791140124,28.46914678318947,25146389.0
2016-04-27,31.25,31.8,31.19,31.75,20006239.0,0.0,1.0,28.597262519275827,29.10057433961508,28.542355775238818,29.05481871958424,20006239.0
2016-04-26,31.39,31.7,31.17,31.4,20976362.0,0.0,1.0,28.72537825536218,29.009063099553398,28.52405352722648,28.734529379368347,20976362.0
2016-04-25,31.36,31.5,31.195,31.39,19315711.0,0.0,1.0,28.697924883343674,28.82604061943003,28.5469313372419,28.72537825536218,19315711.0
2016-04-22,31.74,31.86,31.22,31.64,29625641.0,0.0,1.0,29.04566759557807,29.155481083652088,28.56980914725732,28.95415635551639,29625641.0
2016-04-21,31.94,32.06,31.81,31.97,28431358.0,0.0,1.0,29.228690075701437,29.338503563775458,29.109725463621245,29.25614344771994,28431358.0
2016-04-20,31.32,32.26,31.25,32.0,57629791.0,0.0,1.0,28.661320387319005,29.521526043898817,28.597262519275827,29.283596819738445,57629791.0
2016-04-19,31.7,31.81,31.4,31.6,33619314.0,0.0,1.0,29.009063099553398,29.109725463621245,28.734529379368347,28.917551859491716,33619314.0
2016-04-18,31.43,31.72,31.38,31.65,21566599.0,0.0,1.0,28.761982751386853,29.027365347565734,28.71622713135601,28.963307479522555,21566599.0
2016-04-15,31.79,31.885,31.38,31.46,28782769.0,0.0,1.0,29.09142321560891,29.17835889366751,28.71622713135601,28.78943612340536,28782769.0
2016-04-14,31.78,31.885,31.55,31.8,21620893.0,0.0,1.0,29.082272091602743,29.17835889366751,28.871796239460874,29.10057433961508,21620893.0
2016-04-13,31.97,32.18,31.95,32.13,19968076.0,0.0,1.0,29.25614344771994,29.448317051849475,29.237841199707603,29.402561431818636,19968076.0
2016-04-12,31.88,31.94,31.38,31.86,16774210.0,0.0,1.0,29.173783331664424,29.228690075701437,28.71622713135601,29.155481083652088,16774210.0
2016-04-11,31.9,32.34,31.66,31.67,19707683.0,0.0,1.0,29.19208557967676,29.59473503594817,28.972458603528725,28.981609727534895,19707683.0
2016-04-08,31.76,32.02,31.48,31.63,17031882.0,0.0,1.0,29.06396984359041,29.301899067750785,28.807738371417695,28.94500523151022,17031882.0
2016-04-07,31.89,31.9,31.35,31.55,23738226.0,0.0,1.0,29.182934455670594,29.19208557967676,28.688773759337508,28.871796239460874,23738226.0
2016-04-06,31.97,32.23,31.77,32.08,15740607.0,0.0,1.0,29.25614344771994,29.494072671880314,29.073120967596576,29.35680581178779,15740607.0
2016-04-05,31.89,32.12,31.72,31.9,20080011.0,0.0,1.0,29.182934455670594,29.393410307812463,29.027365347565734,29.19208557967676,20080011.0
2016-04-04,32.2,32.38,31.74,32.0,21581634.0,0.0,1.0,29.46661929986181,29.63133953197284,29.04566759557807,29.283596819738445,21581634.0
2016-04-01,32.27,32.47,32.1,32.45,18049694.0,0.0,1.0,29.53067716790499,29.713699648028353,29.37510805980013,29.69539740001602,18049694.0
2016-03-31,32.53,32.66,32.315,32.35,17879995.0,0.0,1.0,29.768606392065365,29.88757100414555,29.571857225932742,29.603886159954335,17879995.0
2016-03-30,32.45,32.75,32.289,32.71,16598019.0,0.0,1.0,29.69539740001602,29.969931120201064,29.54806430351671,29.93332662417639,16598019.0
2016-03-29,31.93,32.44,31.7269,32.38,15313190.0,0.0,1.0,29.219538951695267,29.686246276009847,29.03367962312999,29.63133953197284,15313190.0
2016-03-28,31.87,32.0,31.62,31.9,11433018.0,0.0,1.0,29.164632207658258,29.283596819738445,28.935854107504053,29.19208557967676,11433018.0
2016-03-24,31.87,31.95,31.7001,31.88,14211908.0,0.0,1.0,29.164632207658258,29.237841199707603,29.00915461079346,29.173783331664424,14211908.0
2016-03-23,32.47,32.47,31.98,32.0,18765319.0,0.0,1.0,29.713699648028353,29.713699648028353,29.26529457172611,29.283596819738445,18765319.0
2016-03-22,32.16,32.46,31.95,32.32,22200449.0,0.0,1.0,29.430014803837135,29.704548524022186,29.237841199707603,29.57643278793583,22200449.0
2016-03-21,32.23,32.42,31.95,32.34,21760871.0,0.0,1.0,29.494072671880314,29.667944027997514,29.237841199707603,29.59473503594817,21760871.0
2016-03-18,32.16,32.69,32.06,32.68,49934246.0,0.0,1.0,29.430014803837135,29.91502437616405,29.338503563775458,29.905873252157885,49934246.0
2016-03-17,31.76,32.17,31.7,31.98,22865286.0,0.0,1.0,29.06396984359041,29.43916592784331,29.009063099553398,29.26529457172611,22865286.0
2016-03-16,31.49,31.795,31.17,31.69,26298416.0,0.0,1.0,28.81688949542386,29.095998777611996,28.52405352722648,28.99991197554723,26298416.0
2016-03-15,31.34,31.65,31.06,31.65,16927746.0,0.0,1.0,28.67962263533134,28.963307479522555,28.423391163158627,28.963307479522555,16927746.0
2016-03-14,31.66,31.69,31.3,31.43,17438583.0,0.0,1.0,28.972458603528725,28.99991197554723,28.64301813930667,28.761982751386853,17438583.0
2016-03-11,31.67,31.79,31.53,31.76,22811232.0,0.0,1.0,28.981609727534895,29.09142321560891,28.853493991448538,29.06396984359041,22811232.0
2016-03-10,31.14,31.4,30.38,31.25,29584840.0,0.0,1.0,28.496600155207975,28.734529379368347,27.801114730739187,28.597262519275827,29584840.0
2016-03-09,30.83,31.04,30.67,30.865,14707806.0,0.0,1.0,28.212915311016758,28.40508891514629,28.066497326918068,28.244944245038347,14707806.0
2016-03-08,30.83,30.88,30.38,30.56,18773637.0,0.0,1.0,28.212915311016758,28.2586709310476,27.801114730739187,27.965834962850213,18773637.0
2016-03-07,30.59,31.12,30.5,30.94,18879949.0,0.0,1.0,27.99328833486872,28.47829790719564,27.910928218813204,28.31357767508461,18879949.0
2016-03-04,30.5,30.86,30.05,30.63,20356845.0,0.0,1.0,27.910928218813204,28.240368683035264,27.499127638535633,28.02989283089339,20356845.0
2016-03-03,31.13,31.35,30.54,30.58,25625212.0,0.0,1.0,28.487449031201805,28.688773759337508,27.947532714837877,27.98413721086255,25625212.0
2016-03-02,30.3,30.87,30.12,30.54,23779774.0,0.0,1.0,27.72790573868984,28.249519807041434,27.56318550657881,27.947532714837877,23779774.0
2016-03-01,29.93,30.53,29.75,30.37,25502568.0,0.0,1.0,27.389314150461615,27.93838159083171,27.224593918350585,27.79196360673302,25502568.0
2016-02-29,29.72,30.14,29.58,29.59,22903077.0,0.0,1.0,27.19714054633208,27.581487754591148,27.069024810245725,27.078175934251895,22903077.0
2016-02-26,29.88,30.08,29.7,29.8,19902219.0,0.0,1.0,27.343558530430773,27.526581010554136,27.178838298319743,27.270349538381428,19902219.0
2016-02-25,29.32,29.62,28.95,29.62,17571439.0,0.0,1.0,26.83109558608535,27.105629306270398,26.492503997857124,27.105629306270398,17571439.0
2016-02-24,28.52,29.3,28.375,29.19,21593601.0,0.0,1.0,26.09900566559189,26.812793338073014,25.96631436750245,26.712130974005163,21593601.0
2016-02-23,29.3,29.345,28.6,28.8,26638208.0,0.0,1.0,26.812793338073014,26.85397339610077,26.172214657641238,26.3552371377646,26638208.0
2016-02-22,29.11,29.54,29.0,29.35,23893145.0,0.0,1.0,26.638921981955818,27.032420314221053,26.538259617887967,26.858548958103857,23893145.0
2016-02-19,29.2,29.33,28.71,28.71,42056701.0,0.0,1.0,26.72128209801133,26.840246710091517,26.272877021709085,26.272877021709085,42056701.0
2016-02-18,29.53,29.76,29.38,29.42,20623257.0,0.0,1.0,27.023269190214886,27.233745042356755,26.88600233012236,26.922606826147035,20623257.0
2016-02-17,28.86,29.6199,28.73,29.47,27691728.0,0.0,1.0,26.41014388180161,27.105537795030337,26.29117926972142,26.968362446177874,27691728.0
2016-02-16,28.75,28.95,28.36,28.78,30705228.0,0.0,1.0,26.309481517733758,26.492503997857124,25.952587681493196,26.336934889752264,30705228.0
2016-02-12,28.57,28.695,28.14,28.64,19698998.0,0.0,1.0,26.14476128562273,26.259150335699836,25.751262953357497,26.20881915366591,19698998.0
2016-02-11,27.83,28.41,27.68,28.22,28450212.0,0.0,1.0,25.46757810916628,25.998343301524038,25.330311249073755,25.82447194540684,28450212.0
2016-02-10,28.88,29.0,28.19,28.23,27267783.0,0.0,1.0,26.428446129813945,26.538259617887967,25.79701857338834,25.83362306941301,27267783.0
2016-02-09,28.49,29.145,28.41,28.81,22902625.0,0.0,1.0,26.071552293573383,26.670950915977407,25.998343301524038,26.364388261770767,22902625.0
2016-02-08,28.74,28.98,28.3,28.82,28725928.0,0.0,1.0,26.300330393727588,26.51995736987563,25.897680937456187,26.373539385776937,28725928.0
2016-02-05,29.58,29.76,28.91,29.04,27957541.0,0.0,1.0,27.069024810245725,27.233745042356755,26.45589950183245,26.57486411391264,27957541.0
2016-02-04,29.14,29.88,29.11,29.77,29257839.0,0.0,1.0,26.666375353974324,27.343558530430773,26.638921981955818,27.24289616636292,29257839.0
2016-02-03,29.72,29.72,28.52,29.34,44660057.0,0.26,1.0,27.19714054633208,27.19714054633208,26.09900566559189,26.849397834097687,44660057.0
2016-02-02,30.45,30.49,29.63,29.8,24994282.0,0.0,1.0,27.62041094757684,27.656693917622917,26.876610061632242,27.030812684328076,24994282.0
2016-02-01,30.72,31.12,30.64,30.82,19015120.0,0.0,1.0,27.86532099538787,28.228150695848647,27.792755055295714,27.956028420503063,19015120.0
2016-01-29,30.21,31.03,30.1,31.02,38311356.0,0.0,1.0,27.402713127300377,28.146514013244975,27.30293495967366,28.137443270733453,38311356.0
2016-01-28,30.02,30.18,29.75,29.97,22028142.0,0.0,1.0,27.230369019581502,27.375500899765814,26.985458971770477,27.185015307023907,22028142.0
2016-01-27,29.88,30.22,29.64,29.81,26384138.0,0.0,1.0,27.10337862442023,27.41178386981189,26.885680804143764,27.039883426839594,26384138.0
2016-01-26,29.61,30.05,29.61,29.94,24754949.0,0.0,1.0,26.858468576609205,27.257581247116065,26.858468576609205,27.157803079489348,24754949.0
2016-01-25,29.99,30.215,29.57,29.6,26440976.0,0.0,1.0,27.203156792046943,27.407248498556132,26.822185606563128,26.849397834097687,26440976.0
2016-01-22,30.12,30.24,29.51,29.925,25326490.0,0.0,1.0,27.3210764446967,27.429925354834932,26.76776115149401,27.14419696572207,25326490.0
2016-01-21,29.65,30.03,29.24,29.66,30157376.0,0.0,1.0,26.894751546655282,27.239439762093024,26.52285110368298,26.903822289166804,30157376.0
2016-01-20,29.35,29.87,29.21,29.59,39598190.0,0.0,1.0,26.622629271309698,27.094307881908712,26.495638876148426,26.840327091586165,39598190.0
2016-01-19,29.98,30.06,29.48,29.8,28878108.0,0.0,1.0,27.194086049535425,27.26665198962758,26.74054892395945,27.030812684328076,28878108.0
2016-01-15,29.73,30.5,29.45,29.76,76373920.0,0.0,1.0,26.96731748674744,27.66576466013444,26.713336696424893,26.994529714282,76373920.0
2016-01-14,31.97,32.87,31.8,32.74,48728154.0,0.0,1.0,28.999163809327804,29.815530635364556,28.844961186631974,29.697610982714806,48728154.0
2016-01-13,32.76,32.93,31.83,31.91,34445691.0,0.0,1.0,29.715752467737843,29.869955090433674,28.87217341416653,28.944739354258687,34445691.0
2016-01-12,32.76,32.89,32.27,32.68,28587697.0,0.0,1.0,29.715752467737843,29.833672120387597,29.27128608467339,29.64318652764569,28587697.0
2016-01-11,31.81,32.22,31.68,32.06,27732435.0,0.0,1.0,28.854031929143492,29.22593237211579,28.73611227649374,29.08080049193148,27732435.0
2016-01-08,32.09,32.22,31.43,31.51,29953840.0,0.0,1.0,29.108012719466043,29.22593237211579,28.509343713705753,28.581909653797908,29953840.0
2016-01-07,32.28,33.0077,31.84,31.84,37680521.0,0.0,1.0,29.28035682718491,29.940434759748182,28.88124415667805,28.88124415667805,37680521.0
2016-01-06,33.25,33.52,32.8,33.08,25491255.0,0.0,1.0,30.1602188508023,30.405128898613327,29.75203543778392,30.006016228106468,25491255.0
2016-01-05,33.96,34.0,33.53,33.83,16709510.0,0.0,1.0,30.804241569120183,30.84052453916626,30.414199641124846,30.686321916470426,16709510.0
2016-01-04,33.88,34.01,33.46,33.99,27882190.0,0.0,1.0,30.73167562902803,30.84959528167778,30.35070444354421,30.831453796654742,27882190.0
2015-12-31,34.82,34.96,34.44,34.45,14736687.0,0.0,1.0,31.58432542511086,31.711315820272134,31.239637209673116,31.248707952184642,14736687.0
2015-12-30,35.38,35.45,34.945,34.99,11566786.0,0.0,1.0,32.09228700575595,32.15578220333659,31.697709706504853,31.738528047806692,11566786.0
2015-12-29,35.01,35.59,35.01,35.44,14188583.0,0.0,1.0,31.756669532829726,32.282772598497864,31.756669532829726,32.14671146082507,14188583.0
2015-12-28,34.95,35.0,34.57,34.93,9449390.0,0.0,1.0,31.702245077760615,31.74759879031821,31.357556862322873,31.68410359273757,9449390.0
2015-12-24,35.07,35.26,34.96,34.98,5893789.0,0.0,1.0,31.811093987898847,31.983438095617714,31.711315820272134,31.729457305295167,5893789.0
2015-12-23,34.95,35.05,34.78,35.0,12526530.0,0.0,1.0,31.702245077760615,31.792952502875803,31.54804245506478,31.74759879031821,12526530.0
2015-12-22,34.36,34.775,34.27,34.73,18421967.0,0.0,1.0,31.167071269580962,31.54350708380902,31.08543458697729,31.502688742507182,18421967.0
2015-12-21,34.11,34.3,33.815,34.24,18006803.0,0.0,1.0,30.940302706792973,31.11264681451184,30.67271580270315,31.05822235944273,18006803.0
2015-12-18,34.73,34.75,33.86,33.865,41336631.0,0.0,1.0,31.502688742507182,31.520830227530222,30.71353414400499,30.718069515260748,41336631.0
2015-12-17,35.32,35.37,34.76,34.91,24963557.0,0.0,1.0,32.03786255068683,32.08321626324443,31.52990097004174,31.66596210771453,24963557.0
2015-12-16,35.36,35.47,34.77,35.3,23257890.0,0.0,1.0,32.07414552073291,32.17392368835962,31.538971712553263,32.019721065663795,23257890.0
2015-12-15,34.65,35.35,34.635,35.18,24365862.0,0.0,1.0,31.430122802415028,32.065074778221394,31.416516688647746,31.91087215552556,24365862.0
2015-12-14,34.38,34.48,33.88,34.47,19528029.0,0.0,1.0,31.185212754604002,31.275920179719193,30.73167562902803,31.266849437207675,19528029.0
2015-12-11,34.31,34.65,34.2,34.27,21251423.0,0.0,1.0,31.121717557023366,31.430122802415028,31.021939389396653,31.08543458697729,21251423.0
2015-12-10,34.85,35.065,34.66,34.77,17400745.0,0.0,1.0,31.611537652645417,31.806558616643084,31.439193544926543,31.538971712553263,17400745.0
2015-12-09,34.88,35.22,34.51,34.81,22548299.0,0.0,1.0,31.63874988017998,31.947155125571637,31.303132407253752,31.57525468259934,22548299.0
2015-12-08,34.67,34.95,34.42,34.75,13380229.0,0.0,1.0,31.448264287438068,31.702245077760615,31.22149572465008,31.520830227530222,13380229.0
2015-12-07,34.79,35.17,34.75,34.985,17731885.0,0.0,1.0,31.5571131975763,31.90180141301404,31.520830227530222,31.73399267655093,17731885.0
2015-12-04,34.11,35.025,34.0,34.935,24900994.0,0.0,1.0,30.940302706792973,31.770275646597007,30.84052453916626,31.688638963993334,24900994.0
2015-12-03,34.97,34.99,34.0,34.04,30131055.0,0.0,1.0,31.72038656278365,31.738528047806692,30.84052453916626,30.876807509212338,30131055.0
2015-12-02,35.09,35.41,34.805,34.83,18688180.0,0.0,1.0,31.829235472921887,32.119499233290504,31.57071931134358,31.593396167622377,18688180.0
2015-12-01,35.0,35.2,34.71,35.09,23560239.0,0.0,1.0,31.74759879031821,31.9290136405486,31.484547257484145,31.829235472921887,23560239.0
